district_code,subdistrict_code,village_code,village_name,num_households,centre_lat,centre_long,ne_lat,ne_long,sw_lat,sw_long
206,01063,218971,Rasulpur Rambhadar urf Chlk,1205,,,,,,
206,01063,218972,Masha Naoratan,385,,,,,,
206,01063,218973,Masha Alam,191,,,,,,
206,01063,218974,Nandwara,2386,,,,,,
206,01063,218975,Belganj,2226,,,,,,
206,01063,218976,Pachtaki Ram,845,,,,,,
206,01063,218977,Barahi,153,,,,,,
206,01063,218978,Pachtaki Jadu,1431,,,,,,
206,01063,218979,Bakhri,395,,,,,,
206,01063,218980,Bhataulia,880,,,,,,
206,01063,218984,Akhta (Part in Suppi) *,1705,,,,,,
206,01063,218985,Parsauni,1456,,,,,,
206,01063,218986,Rasulpur Dayal urf Bahira,341,,,,,,
206,01063,218987,Patahi,1071,,,,,,
206,01063,218988,Kurwa Fatehpur Chhapra,223,,,,,,
206,01063,218989,Jamua,2362,,,,,,
206,01063,218990,Madhu Chapra,657,,,,,,
206,01063,218991,Marpa Tahir,867,,,,,,
206,01063,218992,Piprahi Sultanpur,369,,,,,,
206,01063,801293,Bairgania (NP),8010,,,,,,
206,01064,218994,Akhta (Part in Bairgania) *,4019,,,,,,
206,01064,218996,Babhangawan,1679,,,,,,
206,01064,218997,Maniari,1271,,,,,,
206,01064,218998,Bengahi,1331,,,,,,
206,01064,218999,Basant Khurd,272,,,,,,
206,01064,219000,Barharwa urf BishunpurMohabbat,1227,,,,,,
206,01064,219001,Rajepur,423,,,,,,
206,01064,219002,Supi,458,,,,,,
206,01064,219003,Barahi Chintaman,840,,,,,,
206,01064,219004,Bokta,693,,,,,,
206,01064,219005,Dharampur Madan urf Chhaurhia,244,,,,,,
206,01064,219006,Pakari Parsa,710,,,,,,
206,01064,219007,Parsa,407,,,,,,
206,01064,219008,Jamal Parsa,236,,,,,,
206,01064,219009,Kothia Rae,733,,,,,,
206,01064,219010,Gopalpur,312,,,,,,
206,01064,219011,Mohni Madol,2802,,,,,,
206,01064,219012,Mohni Khurd,136,,,,,,
206,01064,219013,Masahi,872,,,,,,
206,01064,219014,Amwa Khurd,154,,,,,,
206,01064,219015,Muradpur Narkatia,551,,,,,,
206,01064,219016,Nahra,1688,,,,,,
206,01064,219017,Semardah Kalan,467,,,,,,
206,01064,219018,Semardah Nankar,283,,,,,,
206,01064,219019,Sonaul Khan,287,,,,,,
206,01064,219020,Haripur Pipra,764,,,,,,
206,01064,219022,Chak Dadan,428,,,,,,
206,01064,219023,Sonaul Sube,575,,,,,,
206,01064,219024,Gharwara,1104,,,,,,
206,01064,219025,Sisaula Kalan,1589,,,,,,
206,01064,219026,Marpa Issar Das,781,,,,,,
206,01064,219027,Madhurapur,574,,,,,,
206,01064,219028,Bishunpur Kamdeo,609,,,,,,
206,01064,219029,Kothiar,141,,,,,,
206,01064,219030,Rampur Kanth,290,,,,,,
206,01065,219031,Ratanpur,894,,,,,,
206,01065,219032,Bhokraha,804,,,,,,
206,01065,219033,Harpur Kalan,1269,,,,,,
206,01065,219034,Bariarpur,304,,,,,,
206,01065,219035,Rasulpur Pitaunjia,945,,,,,,
206,01065,219036,Raghunathpur,970,,,,,,
206,01065,219037,Basbita,1293,,,,,,
206,01065,219038,Marpa Sirpal,483,,,,,,
206,01065,219039,Bhilwahi,583,,,,,,
206,01065,219040,Belwa Parri,348,,,,,,
206,01065,219041,Pachharwa,717,,,,,,
206,01065,219042,Garhwa Bishunpur,511,,,,,,
206,01065,219043,Hanumannagar,132,,,,,,
206,01065,219044,Bahera,806,,,,,,
206,01065,219045,Bisambharpur Nankar,947,,,,,,
206,01065,219046,Madhopur Malinia,837,,,,,,
206,01065,219048,Akhardiha,521,,,,,,
206,01065,219049,Hinrolwa Bishunpur Parsotim,796,,,,,,
206,01065,219050,Sonaul Mahodat,822,,,,,,
206,01065,219051,Kuari Madan,830,,,,,,
206,01065,219052,Mejar Ganj Malahi,2262,,,,,,
206,01065,219053,Khairwa,1810,,,,,,
206,01065,219054,Barahi Hari Ram,644,,,,,,
206,01065,219055,Dumri Khurd,1005,,,,,,
206,01065,219056,Dumri Kalan urf Madhuban Jadu,2651,,,,,,
206,01065,219057,Halimpur,498,,,,,,
206,01066,219058,Murha Chhitauna,247,,,,,,
206,01066,219059,Murha Ghat,356,,,,,,
206,01066,219060,Murha Dih,712,,,,,,
206,01066,219061,Itaharwa Dularpur,554,,,,,,
206,01066,219062,Madhukarpur,610,,,,,,
206,01066,219063,Pipra Ghat,385,,,,,,
206,01066,219065,Bagaha,1230,,,,,,
206,01066,219068,Khap Khopraha urf Gobraha,601,,,,,,
206,01066,219069,Bharsand,575,,,,,,
206,01066,219071,Urlahia,193,,,,,,
206,01066,219072,Kanhauli,1755,,,,,,
206,01066,219073,Muh Chatti,581,,,,,,
206,01066,219075,Marpa,1760,,,,,,
206,01066,219077,Kachaur,1137,,,,,,
206,01066,219078,Phulkaha,466,,,,,,
206,01066,219079,Bhutahi,2534,,,,,,
206,01066,219080,Arazi Mohanpur,208,,,,,,
206,01066,219081,Fatehpur,1267,,,,,,
206,01066,219082,Sarwarpur,582,,,,,,
206,01066,219084,Basahia,913,,,,,,
206,01066,219085,Bela,1078,,,,,,
206,01066,219086,Parsa Kalan,323,,,,,,
206,01066,219087,Dostia,1471,,,,,,
206,01066,219088,Indarwa,428,,,,,,
206,01066,219089,Betahi,193,,,,,,
206,01066,219090,Parsa Khurd,676,,,,,,
206,01066,219091,Bishunpur,942,,,,,,
206,01066,219092,Araria,631,,,,,,
206,01066,219093,Pharchhahian,638,,,,,,
206,01066,219094,Sangrampur,539,,,,,,
206,01066,219095,Bhaluaha,775,,,,,,
206,01066,219097,Ramnagar Rasulpur Az Rakbe,685,,,,,,
206,01066,219098,Sonbarsa,2405,,,,,,
206,01066,219099,Chitra,1040,,,,,,
206,01066,219100,Lachhmipur,249,,,,,,
206,01066,219101,Rohua,538,,,,,,
206,01066,219102,Kohbarwa,509,,,,,,
206,01066,219103,Jinagar,803,,,,,,
206,01066,219104,Kachharipur,718,,,,,,
206,01066,219105,Jamua,493,,,,,,
206,01066,219106,Bandarjhula,990,,,,,,
206,01066,219107,Ghurghura Hanumannagar urf Ghurghura Baluaha,2225,,,,,,
206,01066,219108,Madhesra,1109,,,,,,
206,01066,219109,Singhibahni,2525,,,,,,
206,01066,219110,Marhia Tetaria,1188,,,,,,
206,01066,219111,Purandaha Rajwaramai tola Mus.,3346,,,,,,
206,01066,219112,Rajwara,546,,,,,,
206,01066,219113,Dalakwa Dalki,1257,,,,,,
206,01066,219114,Jamunia urf Majurwa,185,,,,,,
206,01066,219115,Indarwa,1694,,,,,,
206,01066,219116,Sihorwa,501,,,,,,
206,01066,219117,Pipra Parsain,2994,,,,,,
206,01066,219118,Lokhar,713,,,,,,
206,01066,219119,Parsa,426,,,,,,
206,01066,219120,Madhuban urf Madhuban Karmohna,148,,,,,,
206,01066,219121,Bishunpur urf Gonahi Bishunpur,1056,,,,,,
206,01067,219122,Naranga,5591,,,,,,
206,01067,219123,Dhanaha,557,,,,,,
206,01067,219124,Dami Bakchaura,538,,,,,,
206,01067,219125,Mujaulia,226,,,,,,
206,01067,219126,Manikthar,358,,,,,,
206,01067,219127,Bathuar,2260,,,,,,
206,01067,219128,Bherrahia Ramatua,701,,,,,,
206,01067,219129,Bhagwatipur,466,,,,,,
206,01067,219130,Majhaura,301,,,,,,
206,01067,219131,Rajwara Bhanpur,1133,,,,,,
206,01067,219132,Malahi,781,,,,,,
206,01067,219133,Khairwan Malahi,1590,,,,,,
206,01067,219134,Bhiswa,385,,,,,,
206,01067,219135,Chiganwa,266,,,,,,
206,01067,219136,Kanhwa,2526,,,,,,
206,01067,219137,Bela Khurd,413,,,,,,
206,01067,219138,Bela Musharnia,199,,,,,,
206,01067,219139,Mochhpa Kauni,1207,,,,,,
206,01067,219140,Gamharia,195,,,,,,
206,01067,219141,Nocha,493,,,,,,
206,01067,219142,Gorhari,485,,,,,,
206,01067,219143,Dimahi,309,,,,,,
206,01067,219144,Hanuman Nagar,360,,,,,,
206,01067,219145,Bishunpur,1776,,,,,,
206,01067,219146,Bhandsar,113,,,,,,
206,01067,219147,Phulhatha,665,,,,,,
206,01067,219148,Bahuarwa,356,,,,,,
206,01067,219149,Baya,760,,,,,,
206,01067,219150,Parsa,1331,,,,,,
206,01067,219151,Suki Musharnia urf Gangdah,511,,,,,,
206,01067,219152,Indarwa,846,,,,,,
206,01067,219153,Bara urf Nonahi,652,,,,,,
206,01067,219154,Lauharia,1368,,,,,,
206,01067,219155,Khursaha,451,,,,,,
206,01067,219156,Laptaha Lagunia,410,,,,,,
206,01067,219157,Mahuwain,535,,,,,,
206,01067,219158,Jagdhar,1264,,,,,,
206,01067,219159,Bhawanipur,643,,,,,,
206,01067,219160,Ramnaika,740,,,,,,
206,01067,219161,Amwa,152,,,,,,
206,01067,219162,Adhgain,222,,,,,,
206,01067,219163,Siswa,833,,,,,,
206,01067,219164,Betaha,1679,,,,,,
206,01067,219165,Bhagaha,225,,,,,,
206,01067,219166,Manpaur,1426,,,,,,
206,01067,219167,Sirsian,2326,,,,,,
206,01067,219168,Saur Bhaur,656,,,,,,
206,01067,219169,Dharharwa,1247,,,,,,
206,01067,219170,Sahjauli,659,,,,,,
206,01067,219171,Jabdi Loharpatti,130,,,,,,
206,01067,219172,Demhua,537,,,,,,
206,01067,219173,Maisaha,533,,,,,,
206,01067,219174,Pariharpur,3643,,,,,,
206,01067,219175,Sahargawan,890,,,,,,
206,01067,219176,Pipra Koeria,943,,,,,,
206,01067,219177,Bara,498,,,,,,
206,01067,219178,Sahsaram,966,,,,,,
206,01067,219179,Barahi,1654,,,,,,
206,01067,219180,Khuksi,302,,,,,,
206,01067,219181,Pipra Bishunpur,608,,,,,,
206,01067,219182,Siswatia,489,,,,,,
206,01067,219183,Masaha,715,,,,,,
206,01067,219184,Pipra Khurd,668,,,,,,
206,01067,219185,Godari,897,,,,,,
206,01067,219186,Laduari,394,,,,,,
206,01067,219187,Surgahia,651,,,,,,
206,01067,219188,Sutihara Ram,1230,,,,,,
206,01067,219189,Manikpur Musharnia,791,,,,,,
206,01067,219190,Adkhani,658,,,,,,
206,01067,219191,Andauli,984,,,,,,
206,01067,219192,Tola Bishunpur,483,,,,,,
206,01067,219193,Sardalpatti,247,,,,,,
206,01067,219194,Ladahuri urf Narphora,320,,,,,,
206,01067,219195,Parsandih,403,,,,,,
206,01067,219196,Indarwa,271,,,,,,
206,01067,219197,Nonahi,925,,,,,,
206,01067,219198,Parsa urf Parwaha,1321,,,,,,
206,01067,219199,Bela urf Khap,114,,,,,,
206,01067,219200,Baburban,683,,,,,,
206,01067,219201,Mahadeopatti,1207,,,,,,
206,01067,219202,Ghaghra,341,,,,,,
206,01067,219203,Pakaria,542,,,,,,
206,01067,219204,Rambhelahi,362,,,,,,
206,01068,219205,Sundarpur,446,,,,,,
206,01068,219206,Piprarhi,507,,,,,,
206,01068,219207,Az Rakbe Piprarhi,206,,,,,,
206,01068,219208,Raghunipatti,164,,,,,,
206,01068,219209,Sondehi,498,,,,,,
206,01068,219210,Kararbana,661,,,,,,
206,01068,219211,Maruki,528,,,,,,
206,01068,219212,Radhau,1847,,,,,,
206,01068,219214,Shankarpur,680,,,,,,
206,01068,219215,Parsa urf Parsad,801,,,,,,
206,01068,219216,Majhaulia,412,,,,,,
206,01068,219218,Kumma,1507,,,,,,
206,01068,219219,Bakhari,488,,,,,,
206,01068,219220,Belahia,515,,,,,,
206,01068,219221,Kansara,236,,,,,,
206,01068,219222,Adalpur,496,,,,,,
206,01068,219223,Sihniapatti,461,,,,,,
206,01068,219224,Makunahia,699,,,,,,
206,01068,219225,Reghaipur,591,,,,,,
206,01068,219226,Pathanpur,1396,,,,,,
206,01068,219227,Harari Dularpur,956,,,,,,
206,01068,219228,Banauli,930,,,,,,
206,01068,219229,Chandpatti,795,,,,,,
206,01068,219230,Birpur,645,,,,,,
206,01068,219231,Malahi,1303,,,,,,
206,01068,219232,Birrakh,1385,,,,,,
206,01068,219233,Bakhari,991,,,,,,
206,01068,219234,Kaurna,682,,,,,,
206,01068,219235,Kabira,408,,,,,,
206,01068,219236,Jawahirpur,805,,,,,,
206,01068,219237,Parri,270,,,,,,
206,01068,219238,Deonathpatti,194,,,,,,
206,01068,219239,Amana,636,,,,,,
206,01068,219240,Majhaura,572,,,,,,
206,01068,219241,Dhanarhi,617,,,,,,
206,01068,219242,Baghari,946,,,,,,
206,01068,219243,Darha Bari,1236,,,,,,
206,01068,219244,Sursand Asli,6289,,,,,,
206,01068,219245,Gopalpur,445,,,,,,
206,01068,219246,Sarkhandio Bitha,5114,,,,,,
206,01068,219247,Meghpur,1026,,,,,,
206,01068,219248,Dewari Matauna,1560,,,,,,
206,01068,219249,Simiahi,555,,,,,,
206,01068,219250,Chakni,332,,,,,,
206,01068,219251,Bindi Nowabad,447,,,,,,
206,01068,219252,Koriahi urf Kalyanpatti,885,,,,,,
206,01068,219253,Samhua,134,,,,,,
206,01068,219254,Bhamua,369,,,,,,
206,01068,219255,Bhilwahi,566,,,,,,
206,01068,219256,Kuari,355,,,,,,
206,01068,219257,Bara,673,,,,,,
206,01069,219258,Arazi Shahpur Sitalpatti,139,,,,,,
206,01069,219259,Shahpur Sitalpatti,742,,,,,,
206,01069,219260,Manaria,419,,,,,,
206,01069,219261,Baduri Amghatta,727,,,,,,
206,01069,219262,Matiar Khurd,397,,,,,,
206,01069,219263,Matiar Kalan,1259,,,,,,
206,01069,219264,Chiraya,235,,,,,,
206,01069,219265,Phulparasi,809,,,,,,
206,01069,219266,Terhia,348,,,,,,
206,01069,219267,Ghoghraha,544,,,,,,
206,01069,219268,Singrahia,718,,,,,,
206,01069,219269,Mahuawa,765,,,,,,
206,01069,219270,Narha,986,,,,,,
206,01069,219271,Sirsian,561,,,,,,
206,01069,219272,Turkaulia,781,,,,,,
206,01069,219275,Jhitkahia,781,,,,,,
206,01069,219277,Lachhua,661,,,,,,
206,01069,219278,Surghahia,538,,,,,,
206,01069,219279,Supaina,472,,,,,,
206,01069,219280,Harri,391,,,,,,
206,01069,219281,Bela,1013,,,,,,
206,01069,219282,Dighi,1421,,,,,,
206,01069,219283,Kodarkat,382,,,,,,
206,01069,219284,Madanpatti,303,,,,,,
206,01069,219285,Hariharpur,303,,,,,,
206,01069,219286,Ranauli,676,,,,,,
206,01069,219287,Dumaria,335,,,,,,
206,01069,219288,Sonbarsa Kumhra Sumer,437,,,,,,
206,01069,219289,Bhataulia,494,,,,,,
206,01069,219290,Latipur,412,,,,,,
206,01069,219291,Madhopur,507,,,,,,
206,01069,219292,Kamal Dah,2751,,,,,,
206,01069,219293,Bathanaha Jujharpatti,5334,,,,,,
206,01069,219294,Bhatha Harpur,2871,,,,,,
206,01069,219295,Koili,925,,,,,,
206,01069,219296,Rupauli Ruphara,889,,,,,,
206,01069,219297,Neyamutullahpur,197,,,,,,
206,01069,219298,Jonka,276,,,,,,
206,01069,219299,Pandaul urf Panthpakar,1610,,,,,,
206,01069,219300,Dostpur Khadauli,1369,,,,,,
206,01069,219301,Harnahia,1057,,,,,,
206,01069,219302,Kumargawan,369,,,,,,
206,01069,219303,Kishunpur Taufir,694,,,,,,
206,01069,219304,Bairaha,745,,,,,,
206,01069,219305,Dharampur,282,,,,,,
206,01069,219306,Barahijiwa,391,,,,,,
206,01069,219307,Kuari,428,,,,,,
206,01069,219308,Majhaulia,951,,,,,,
206,01069,219309,Jogbana,481,,,,,,
206,01069,219310,BhagwanpururfBhagwanpur Patahi,524,,,,,,
206,01069,219311,Bokhri,495,,,,,,
206,01069,219313,Gobardhanpur,559,,,,,,
206,01069,219314,Chandpur urf Narayanpur,297,,,,,,
206,01069,219316,Bhikha Bishunpur Bhikha,242,,,,,,
206,01069,219317,Maibi,605,,,,,,
206,01069,219318,Purnahia,663,,,,,,
206,01069,219319,Baghmari,338,,,,,,
206,01069,219320,Shiunagar,208,,,,,,
206,01069,219321,Singrahia,450,,,,,,
206,01069,219322,Phulwaria,275,,,,,,
206,01069,219323,Narha Jagdarpi,476,,,,,,
206,01069,219325,Mirijadpur urf Mirdadpur Narha,274,,,,,,
206,01069,219326,Shahpur,707,,,,,,
206,01069,219327,Kodwara,315,,,,,,
206,01069,219328,Bishunpur Pitambar,237,,,,,,
206,01069,219329,Madhubani,492,,,,,,
206,01069,219330,Dhubaha urf Dharaha,533,,,,,,
206,01069,219331,Nizamuddinpur,253,,,,,,
206,01069,219332,Sahiara,1507,,,,,,
206,01069,219333,Hanumannagar,375,,,,,,
206,01069,219334,Desti,973,,,,,,
206,01069,219335,Madhopur Musharwa,382,,,,,,
206,01069,219337,Dain Chhapra,492,,,,,,
206,01069,219338,Mahadewa,309,,,,,,
206,01069,219339,Basbiti,372,,,,,,
206,01069,219341,Mahadewa,202,,,,,,
206,01069,219342,Maudah,1644,,,,,,
206,01069,219343,Chhaurahia,823,,,,,,
206,01069,219344,Saidpur urf Hajipur,158,,,,,,
206,01069,219345,Pokhar Bhinda,364,,,,,,
206,01069,219346,Gajharwa,273,,,,,,
206,01069,219347,Belahia,788,,,,,,
206,01070,219348,Sirauli,4259,,,,,,
206,01070,219349,Posua Patania,1292,,,,,,
206,01070,219350,Posua Patania,280,,,,,,
206,01070,219353,Khairwa,517,,,,,,
206,01070,219354,Sonar,1060,,,,,,
206,01070,219355,Asogi,326,,,,,,
206,01070,219356,Bulakipur,810,,,,,,
206,01070,219357,Riga,5766,,,,,,
206,01070,219358,Budhwara,170,,,,,,
206,01070,219359,Nazarpur,237,,,,,,
206,01070,219360,Ganeshpur Babhangawan,2104,,,,,,
206,01070,219361,Bakhri,589,,,,,,
206,01070,219362,Kapraul Siroman,1214,,,,,,
206,01070,219363,Bhagwanpur Piprarhi,2017,,,,,,
206,01070,219364,Bhabdepur,1547,,,,,,
206,01070,219365,Ramnagar,168,,,,,,
206,01070,219366,Mandar,686,,,,,,
206,01070,219367,Mathwa Azrakbe Balua Arazi,262,,,,,,
206,01070,219368,Sankhi,657,,,,,,
206,01070,219369,Panchhaur,1316,,,,,,
206,01070,219370,Barahi,657,,,,,,
206,01070,219371,Rampur Gangauli,1261,,,,,,
206,01070,219372,Sirahi,1134,,,,,,
206,01070,219375,Pakri,555,,,,,,
206,01070,219376,Basantpur,532,,,,,,
206,01070,219377,Mahesia,1095,,,,,,
206,01070,219378,Shahbazpur,1247,,,,,,
206,01070,219379,Kharsan,1089,,,,,,
206,01070,219380,Kusumari,927,,,,,,
206,01070,219381,Pakri,1500,,,,,,
206,01070,219382,Ijrahia,363,,,,,,
206,01070,219383,Rewasi Maksudpur,2630,,,,,,
206,01070,219384,Bhagwanpur,1122,,,,,,
206,01070,219385,Bhawanipur,1095,,,,,,
206,01070,219386,Simri,178,,,,,,
206,01070,219387,Narsanda urf Narsawan,640,,,,,,
206,01070,219388,Anhari Ujiari,899,,,,,,
206,01070,219389,Bhorha,728,,,,,,
206,01071,219390,Bhulli,246,,,,,,
206,01071,219391,Koraharbans,279,,,,,,
206,01071,219392,Kora Khargi,486,,,,,,
206,01071,219393,Kara Bhim,264,,,,,,
206,01071,219394,Ramni Tola,329,,,,,,
206,01071,219395,Hira Kanhauli,501,,,,,,
206,01071,219396,Kanhauli Gajpati,537,,,,,,
206,01071,219397,Parsauni Khirodhar,763,,,,,,
206,01071,219398,Sarkhauli,588,,,,,,
206,01071,219399,Baikunthpur urf Kathura Tola,155,,,,,,
206,01071,219400,Dhurwar Parsauni,695,,,,,,
206,01071,219401,Andhra,330,,,,,,
206,01071,219402,Parsauni urf Parasauni Mailbar,2017,,,,,,
206,01071,219403,Benipur urf Benipur Nisf,395,,,,,,
206,01071,219404,Madanpur urf MadanpurBishunath,2036,,,,,,
206,01071,219405,Muraul urf Nanikpur,288,,,,,,
206,01071,219406,Gisara urf Gidhsara,1997,,,,,,
206,01071,219407,Kathor urf Baikunthpur,1538,,,,,,
206,01071,219408,Sonargawan,529,,,,,,
206,01071,219409,Parsurampur,2471,,,,,,
206,01071,219410,Bishunpur Dhodhni,994,,,,,,
206,01071,219411,Dewa,1151,,,,,,
206,01072,219412,Madh Kaul,1420,,,,,,
206,01072,219413,Jafarpur,1373,,,,,,
206,01072,219414,Walipur,409,,,,,,
206,01072,219415,Sirsian,426,,,,,,
206,01072,219416,Damami,673,,,,,,
206,01072,219417,Maheshpur,207,,,,,,
206,01072,219418,Bhandari,1762,,,,,,
206,01072,219419,Bhataulia,781,,,,,,
206,01072,219420,Rukunpur urf Patahi,855,,,,,,
206,01072,219421,Bhorhan Birt,379,,,,,,
206,01072,219422,Sauli,439,,,,,,
206,01072,219423,Arazi Rupauli Nankar,117,,,,,,
206,01072,219424,Rupauli,619,,,,,,
206,01072,219426,Bhorahar Mal,894,,,,,,
206,01072,219427,Manchi,695,,,,,,
206,01072,219428,Makhnaha  urf Kuin Makhnaha,479,,,,,,
206,01072,219429,Partapur,532,,,,,,
206,01072,219430,Lohansi urf Gosainpur,754,,,,,,
206,01072,219431,Garhwa Bhada,180,,,,,,
206,01072,219432,Sukhi,274,,,,,,
206,01072,219433,Pachnaur Murahi,2255,,,,,,
206,01072,219434,Dayanagar Gosainpur,720,,,,,,
206,01072,219436,Chandauli Timba,517,,,,,,
206,01072,219437,Bharwari,352,,,,,,
206,01072,219439,Dariapur,520,,,,,,
206,01072,219440,Hansaur,829,,,,,,
206,01072,219441,Kansar,1024,,,,,,
206,01072,219442,Bharwari Tola,270,,,,,,
206,01072,219443,Mehthi,768,,,,,,
206,01072,219444,Jhawa Tola,151,,,,,,
206,01072,219445,Panrahi,667,,,,,,
206,01072,219447,Siropatti,653,,,,,,
206,01072,219448,Dumra,645,,,,,,
206,01072,219449,Nunaura,336,,,,,,
206,01072,801294,Belsand (NP),4587,,,,,,
206,01072,801294,Belsand (NP) WARD NO.-0001,518,,,,,,
206,01072,801294,Belsand (NP) WARD NO.-0002,313,,,,,,
206,01072,801294,Belsand (NP) WARD NO.-0003,389,,,,,,
206,01072,801294,Belsand (NP) WARD NO.-0004,374,,,,,,
206,01072,801294,Belsand (NP) WARD NO.-0005,371,,,,,,
206,01072,801294,Belsand (NP) WARD NO.-0006,219,,,,,,
206,01072,801294,Belsand (NP) WARD NO.-0007,417,,,,,,
206,01072,801294,Belsand (NP) WARD NO.-0008,224,,,,,,
206,01072,801294,Belsand (NP) WARD NO.-0009,284,,,,,,
206,01072,801294,Belsand (NP) WARD NO.-0010,289,,,,,,
206,01072,801294,Belsand (NP) WARD NO.-0011,366,,,,,,
206,01072,801294,Belsand (NP) WARD NO.-0012,320,,,,,,
206,01072,801294,Belsand (NP) WARD NO.-0013,503,,,,,,
206,01073,219450,Bengahi,2085,,,,,,
206,01073,219451,Mahisanrh,553,,,,,,
206,01073,219452,Raepur,423,,,,,,
206,01073,219453,Dilawarpur,164,,,,,,
206,01073,219456,Waina,461,,,,,,
206,01073,219457,Samhuti urf Akbarpur,176,,,,,,
206,01073,219458,Bahilwara Tola Dhanukhi,709,,,,,,
206,01073,219459,Masumnagar urf Premnagar,2752,,,,,,
206,01073,219460,Bahilwara urf Garha,1587,,,,,,
206,01073,219462,Khopa,426,,,,,,
206,01073,219463,Kopi Nisf,359,,,,,,
206,01073,219464,Kopi,327,,,,,,
206,01073,219465,Tekaur,249,,,,,,
206,01073,219466,Bahilwara urf Garha,687,,,,,,
206,01073,219467,Manik Chauk,5681,,,,,,
206,01073,219468,Dhanahra,274,,,,,,
206,01073,219469,Lalpur,633,,,,,,
206,01073,219470,Kauria,782,,,,,,
206,01073,219471,Chakwa,473,,,,,,
206,01073,219472,Kodaria,749,,,,,,
206,01073,219473,Baghari,2779,,,,,,
206,01073,219474,Rasulpur Malmala,321,,,,,,
206,01073,219475,Tikauli,1835,,,,,,
206,01073,219476,Dasain,586,,,,,,
206,01073,219477,Mehsaul,1372,,,,,,
206,01073,219478,Sultanpur urf Madhopur,524,,,,,,
206,01073,219479,Thahar,592,,,,,,
206,01073,219481,Deona Khurd urf Baligarh,549,,,,,,
206,01073,219482,Deona Khurd,373,,,,,,
206,01073,219483,Deona Buzurg,1661,,,,,,
206,01073,219484,Gangwara Buzurg,995,,,,,,
206,01073,219485,Mursand,3373,,,,,,
206,01073,219486,Thuma,2568,,,,,,
206,01073,219487,Belahi Nil Kanth,1421,,,,,,
206,01073,219489,Madhopur Sarnath,399,,,,,,
206,01073,219490,Bhapura Bhimpur,599,,,,,,
206,01073,219492,Rampur,329,,,,,,
206,01073,219493,Madhopur,199,,,,,,
206,01073,219494,Chak Donai,413,,,,,,
206,01073,219495,Athri,2807,,,,,,
206,01073,219496,Rain Bishuni,1030,,,,,,
206,01073,219497,Rain Shankar,392,,,,,,
206,01073,219499,Sonpurwa,469,,,,,,
206,01073,219500,Baghauni,465,,,,,,
206,01073,219501,Ibrahimpur,433,,,,,,
206,01073,219502,Kharka,820,,,,,,
206,01073,219503,Suhai,591,,,,,,
206,01073,219504,Ghausnagar,473,,,,,,
206,01073,219505,Gidha Phulwaria urf Bhagwanpur,1230,,,,,,
206,01073,219506,Kundal urf Gurgawan,624,,,,,,
206,01073,219507,SagriDih urf Siridih,432,,,,,,
206,01073,219508,Chak Sambhua,192,,,,,,
206,01073,219509,Bulandpur urf Husainpur,969,,,,,,
206,01073,219510,Punarwara,622,,,,,,
206,01073,219511,Mauna,897,,,,,,
206,01073,219512,Bishunpur Basdeo urf Bishunpur,1207,,,,,,
206,01073,219513,Mahindwara,817,,,,,,
206,01073,219515,Majruha,326,,,,,,
206,01073,219516,Neori,576,,,,,,
206,01073,219517,Batrauli,154,,,,,,
206,01073,219518,Barheta,1062,,,,,,
206,01073,219519,Hajipur Basantpur,427,,,,,,
206,01073,219520,Siri Khinria,1522,,,,,,
206,01073,219521,Balua Kharaua,2057,,,,,,
206,01073,219522,Pota  urf  Tajpur  Phaksia Bharthi,2641,,,,,,
206,01073,219523,Phaksi urf Phaksia Bharthi,174,,,,,,
206,01073,219525,Manpur Jauan,229,,,,,,
206,01073,219526,Bahramnagar,267,,,,,,
206,01073,219527,Rampur Saidpur Runi,4800,,,,,,
206,01073,219528,Basantpur,418,,,,,,
206,01073,219529,Majhaulia,654,,,,,,
206,01073,219530,Bhanspatti,630,,,,,,
206,01073,219532,Madhaulsani,1101,,,,,,
206,01073,219533,Raepur,443,,,,,,
206,01073,219534,Manpur Ratnauli urf Ratnouli Asli,821,,,,,,
206,01073,219535,Bishunpur urf Bishunpur Anant,205,,,,,,
206,01073,219538,Rupauli,538,,,,,,
206,01073,219539,Mahesha Farrukhpur,1816,,,,,,
206,01073,219540,Dhobha,195,,,,,,
206,01073,219541,Pitaunjia Gobind,619,,,,,,
206,01073,219542,Kuahi,469,,,,,,
206,01073,219543,Samaul Shahpur,403,,,,,,
206,01073,219545,Morang urf Bazidpur,330,,,,,,
206,01073,219546,Walipur Sarhanchia,1843,,,,,,
206,01073,219547,Tahirpur,123,,,,,,
206,01073,219548,Gurdah urf Ghausnagar,1477,,,,,,
206,01073,219549,Chak Rampur Hari,113,,,,,,
206,01073,219550,Korlahi Mansingh,267,,,,,,
206,01073,219551,Korlahi Haranarayan,566,,,,,,
206,01074,219552,Phanda Gobind,760,,,,,,
206,01074,219553,Maniari,602,,,,,,
206,01074,219554,Ranjitpur urf Gobipur Daur,2910,,,,,,
206,01074,219555,Fatehpur Gidhmasani,912,,,,,,
206,01074,219556,Punaura,3970,,,,,,
206,01074,219557,Khairwa,1264,,,,,,
206,01074,219558,Parri,828,,,,,,
206,01074,219559,Rampur Bakhri,467,,,,,,
206,01074,219560,Bishunpur Rupauli,951,,,,,,
206,01074,219561,Saura urf Bhalni Churaman,306,,,,,,
206,01074,219562,Belahi urf Beli,140,,,,,,
206,01074,219563,Methaura,1019,,,,,,
206,01074,219564,Rupaulitola Dhanuki,882,,,,,,
206,01074,219565,Athauharichhapra,1099,,,,,,
206,01074,219566,Barharwa,901,,,,,,
206,01074,219567,Parmanandpur,617,,,,,,
206,01074,219568,Chanarhati urf Chandpatti,216,,,,,,
206,01074,219569,Mirzapur,1032,,,,,,
206,01074,219570,Bakhri,804,,,,,,
206,01074,219571,Karnahia,378,,,,,,
206,01074,219572,Bairbas,1353,,,,,,
206,01074,219573,Mohandih,360,,,,,,
206,01074,219574,Banchauri,1069,,,,,,
206,01074,219575,Kokna,322,,,,,,
206,01074,219576,Rampur Parori,1211,,,,,,
206,01074,219577,Madhuban,1257,,,,,,
206,01074,219578,Kharka,475,,,,,,
206,01074,219579,Chakmahila,880,,,,,,
206,01074,219580,Mahsaul urf Rampur Lachmi,6235,,,,,,
206,01074,219581,Bariarpur,2772,,,,,,
206,01074,219582,Mahamadpur Seb,261,,,,,,
206,01074,219583,Bhairo Bhup,1508,,,,,,
206,01074,219584,Bhairo Kothi,919,,,,,,
206,01074,219585,Amghatta Bhagwatipur Amghatta,789,,,,,,
206,01074,219586,Bhauparsad,916,,,,,,
206,01074,219587,Lauhdiah,158,,,,,,
206,01074,219588,Simra,705,,,,,,
206,01074,219589,Narayanpur,406,,,,,,
206,01074,219590,Muradpur,638,,,,,,
206,01074,219592,Bazidpur,715,,,,,,
206,01074,219593,Balua,333,,,,,,
206,01074,219594,Bishunpur Nagwan urf Muhchatti,168,,,,,,
206,01074,219595,Nagwan Azamgarh,1487,,,,,,
206,01074,219596,Azamgarh Nagwan tolaJagdishpur,1091,,,,,,
206,01074,219597,Suhai,1026,,,,,,
206,01074,219598,Shiuhar,254,,,,,,
206,01074,219600,Kumhra Bishunpur,3475,,,,,,
206,01074,219601,Bishunpur Ketharia,644,,,,,,
206,01074,219602,Rampatti,244,,,,,,
206,01074,219603,Misraulia,691,,,,,,
206,01074,219604,Dhobauli,177,,,,,,
206,01074,219605,Bachharpur,360,,,,,,
206,01074,219606,Madanpur,618,,,,,,
206,01074,219607,Rasulpur,2083,,,,,,
206,01074,219608,Arifpur Bazidpur,340,,,,,,
206,01074,219609,Paik tola,756,,,,,,
206,01074,219610,Paktola,150,,,,,,
206,01074,219611,Rikhauli,959,,,,,,
206,01074,219613,Majhauli,993,,,,,,
206,01074,219614,Paraspatti,489,,,,,,
206,01074,219615,Bishunathpur,535,,,,,,
206,01074,219616,Rampur,128,,,,,,
206,01074,219617,Gosainpur,242,,,,,,
206,01074,219618,Paroha,583,,,,,,
206,01074,219619,Madhopur Roshan,1124,,,,,,
206,01074,219620,Parsauni,473,,,,,,
206,01074,219621,Dharampur,220,,,,,,
206,01074,219622,Bhasar Machhaha,3270,,,,,,
206,01074,219623,Malipur Pakri,643,,,,,,
206,01074,219624,Mogalwa,146,,,,,,
206,01074,801295,Sitamarhi (Nagar Parishad),12718,,,,,,
206,01074,801295,Sitamarhi (Nagar Parishad) WARD NO.-0001,556,,,,,,
206,01074,801295,Sitamarhi (Nagar Parishad) WARD NO.-0002,456,,,,,,
206,01074,801295,Sitamarhi (Nagar Parishad) WARD NO.-0003,677,,,,,,
206,01074,801295,Sitamarhi (Nagar Parishad) WARD NO.-0004,429,,,,,,
206,01074,801295,Sitamarhi (Nagar Parishad) WARD NO.-0005,460,,,,,,
206,01074,801295,Sitamarhi (Nagar Parishad) WARD NO.-0006,272,,,,,,
206,01074,801295,Sitamarhi (Nagar Parishad) WARD NO.-0007,578,,,,,,
206,01074,801295,Sitamarhi (Nagar Parishad) WARD NO.-0008,398,,,,,,
206,01074,801295,Sitamarhi (Nagar Parishad) WARD NO.-0009,477,,,,,,
206,01074,801295,Sitamarhi (Nagar Parishad) WARD NO.-0010,317,,,,,,
206,01074,801295,Sitamarhi (Nagar Parishad) WARD NO.-0011,471,,,,,,
206,01074,801295,Sitamarhi (Nagar Parishad) WARD NO.-0012,437,,,,,,
206,01074,801295,Sitamarhi (Nagar Parishad) WARD NO.-0013,451,,,,,,
206,01074,801295,Sitamarhi (Nagar Parishad) WARD NO.-0014,628,,,,,,
206,01074,801295,Sitamarhi (Nagar Parishad) WARD NO.-0015,459,,,,,,
206,01074,801295,Sitamarhi (Nagar Parishad) WARD NO.-0016,413,,,,,,
206,01074,801295,Sitamarhi (Nagar Parishad) WARD NO.-0017,516,,,,,,
206,01074,801295,Sitamarhi (Nagar Parishad) WARD NO.-0018,439,,,,,,
206,01074,801295,Sitamarhi (Nagar Parishad) WARD NO.-0019,403,,,,,,
206,01074,801295,Sitamarhi (Nagar Parishad) WARD NO.-0020,538,,,,,,
206,01074,801295,Sitamarhi (Nagar Parishad) WARD NO.-0021,582,,,,,,
206,01074,801295,Sitamarhi (Nagar Parishad) WARD NO.-0022,304,,,,,,
206,01074,801295,Sitamarhi (Nagar Parishad) WARD NO.-0023,451,,,,,,
206,01074,801295,Sitamarhi (Nagar Parishad) WARD NO.-0024,439,,,,,,
206,01074,801295,Sitamarhi (Nagar Parishad) WARD NO.-0025,331,,,,,,
206,01074,801295,Sitamarhi (Nagar Parishad) WARD NO.-0026,379,,,,,,
206,01074,801295,Sitamarhi (Nagar Parishad) WARD NO.-0027,405,,,,,,
206,01074,801295,Sitamarhi (Nagar Parishad) WARD NO.-0028,452,,,,,,
206,01074,801296,Dumra (NP),3043,,,,,,
206,01074,801296,Dumra (NP) WARD NO.-0001,161,,,,,,
206,01074,801296,Dumra (NP) WARD NO.-0002,489,,,,,,
206,01074,801296,Dumra (NP) WARD NO.-0003,266,,,,,,
206,01074,801296,Dumra (NP) WARD NO.-0004,265,,,,,,
206,01074,801296,Dumra (NP) WARD NO.-0005,237,,,,,,
206,01074,801296,Dumra (NP) WARD NO.-0006,272,,,,,,
206,01074,801296,Dumra (NP) WARD NO.-0007,268,,,,,,
206,01074,801296,Dumra (NP) WARD NO.-0008,162,,,,,,
206,01074,801296,Dumra (NP) WARD NO.-0009,352,,,,,,
206,01074,801296,Dumra (NP) WARD NO.-0010,258,,,,,,
206,01074,801296,Dumra (NP) WARD NO.-0011,313,,,,,,
206,01074,219625,Mohanpur (CT),1212,,,,,,
206,01074,219625,Mohanpur (CT) WARD NO.-0001,1212,,,,,,
206,01074,219626,Rajopatti urf Kota Bazar (CT),2724,,,,,,
206,01074,219626,Rajopatti urf Kota Bazar (CT) WARD NO.-0001,2724,,,,,,
206,01074,219627,Talkhapur Dumra (CT),1515,,,,,,
206,01074,219627,Talkhapur Dumra (CT) WARD NO.-0001,1515,,,,,,
206,01075,219628,Bazidpur,2268,,,,,,
206,01075,219629,Patdeora,998,,,,,,
206,01075,219630,Bhikaha,397,,,,,,
206,01075,219631,Mohuain,673,,,,,,
206,01075,219632,Narha Kalyan,347,,,,,,
206,01075,219633,Basdeopur,149,,,,,,
206,01075,219634,Rasulpur,1181,,,,,,
206,01075,219635,Balha Manorath,1022,,,,,,
206,01075,219636,Piprarhi,1436,,,,,,
206,01075,219637,Pharuha Bhawani,367,,,,,,
206,01075,219638,Basantpur,639,,,,,,
206,01075,219639,Mahamadpur urf Sherpur,661,,,,,,
206,01075,219640,Pachra Nimahi,1338,,,,,,
206,01075,219641,Bajoapatti Narha,1924,,,,,,
206,01075,219642,Mahamadpur,264,,,,,,
206,01075,219643,Pathrahi urf Shahzadpur,1329,,,,,,
206,01075,219644,Madhurapur,1491,,,,,,
206,01075,219645,Sandhwara,839,,,,,,
206,01075,219646,Sewaipatti,610,,,,,,
206,01075,219647,Raepur Jagarnath,480,,,,,,
206,01075,219648,Bari Phulwaria,1269,,,,,,
206,01075,219649,Basaul,546,,,,,,
206,01075,219650,Bangraha urf Mahindpur,579,,,,,,
206,01075,219651,Narharpur,324,,,,,,
206,01075,219652,Madhuban Basaha,4381,,,,,,
206,01075,219653,Harpurwa,1485,,,,,,
206,01075,219654,Bhagwanpur Chaube,333,,,,,,
206,01075,219655,Dhankaul Buzurg,451,,,,,,
206,01075,219657,Baragaon,3803,,,,,,
206,01075,219658,Bakhri Yusufpur,724,,,,,,
206,01075,219660,Bazpatti Abidpur,1199,,,,,,
206,01075,219661,Baburban,596,,,,,,
206,01075,219662,Yusufpur,368,,,,,,
206,01075,219663,Madaripur Sirimanpur,1323,,,,,,
206,01075,219664,Humayupur,739,,,,,,
206,01075,219665,Loknathpur,162,,,,,,
206,01075,219666,Darhi Keshopur,121,,,,,,
206,01075,219667,Ratanpur,192,,,,,,
206,01075,219668,Moraul,677,,,,,,
206,01075,219669,Gopalpur,175,,,,,,
206,01075,219671,Raghunathpur,220,,,,,,
206,01075,219672,Barharwa Hasanpur,1035,,,,,,
206,01075,219673,Belahia,932,,,,,,
206,01075,219674,Madhubani,282,,,,,,
206,01075,219675,Bhasopur,822,,,,,,
206,01075,219676,Bishunpur Ratwara,1026,,,,,,
206,01075,219678,Madhopur Chaturi,930,,,,,,
206,01075,219679,Boha Basdeopur,488,,,,,,
206,01075,219681,Bhelni Madan,324,,,,,,
206,01075,219682,Saura,466,,,,,,
206,01075,219683,Gorar,255,,,,,,
206,01075,219684,Rudauli,503,,,,,,
206,01075,219685,Mirzapur,923,,,,,,
206,01076,219686,Chikna Chak,399,,,,,,
206,01076,219687,Bhutaha,464,,,,,,
206,01076,219688,Jadupatti urf Semra,1639,,,,,,
206,01076,219689,Dumarbana,164,,,,,,
206,01076,219690,Damodarpatti urf Semri,724,,,,,,
206,01076,219691,Az Rakbe Damodarpatti,132,,,,,,
206,01076,219692,Khoria,592,,,,,,
206,01076,219693,Bishunpur,123,,,,,,
206,01076,219694,Cheraut,8342,,,,,,
206,01076,219695,Chandar Saina,725,,,,,,
206,01076,219696,Parigawan,1272,,,,,,
206,01076,219698,Basotra,728,,,,,,
206,01076,219699,Bhanta  Bari,1171,,,,,,
206,01076,219700,Barri Bihta,1468,,,,,,
206,01076,219701,Balsa,504,,,,,,
206,01076,219702,Az Rakbe Balsa,147,,,,,,
206,01077,219703,Bahilwara,301,,,,,,
206,01077,219704,Nemhua urf Bishunpur,681,,,,,,
206,01077,219705,Bhima Makresar,717,,,,,,
206,01077,219706,Narayanpur,1179,,,,,,
206,01077,219707,Balha Madsudan,1534,,,,,,
206,01077,219708,Hariharpur,909,,,,,,
206,01077,219709,Gangti,902,,,,,,
206,01077,219710,Bargachhia mai AraziBargachhia,151,,,,,,
206,01077,219711,Manikpur,480,,,,,,
206,01077,219712,Awapur urf Sherpur,4226,,,,,,
206,01077,219713,Chak urf Arasi Rakbe Sherpur,163,,,,,,
206,01077,219714,Belmohan,272,,,,,,
206,01077,219715,Pupri,2242,,,,,,
206,01077,219716,Belmohan,630,,,,,,
206,01077,219717,Birauli,768,,,,,,
206,01077,219718,Bachharpur urf Sahu Tikai,2390,,,,,,
206,01077,219719,Rampur Khurd,908,,,,,,
206,01077,219720,Garha,2587,,,,,,
206,01077,219721,Hirauli,371,,,,,,
206,01077,219722,Surajpatti,250,,,,,,
206,01077,219723,Madhubani,565,,,,,,
206,01077,219724,Chainpur,547,,,,,,
206,01077,219725,Parsauni,724,,,,,,
206,01077,219726,Bihta Dharampur,1256,,,,,,
206,01077,219727,Dumra Dumrapatti,388,,,,,,
206,01077,219728,Nihsa,217,,,,,,
206,01077,219729,Bagha Sati,305,,,,,,
206,01077,219730,Jalalpur Bangri,408,,,,,,
206,01077,219731,Bazidpur Baura,1165,,,,,,
206,01077,219734,Shahjahanpur,466,,,,,,
206,01077,219735,Gangwara,247,,,,,,
206,01077,219736,Samhauli,264,,,,,,
206,01077,219737,Rampur Haripur,1168,,,,,,
206,01077,219738,Bikrampur,312,,,,,,
206,01077,219739,Keshopur,654,,,,,,
206,01077,219741,Simiahi,658,,,,,,
206,01077,219742,Kusail,603,,,,,,
206,01077,219743,Bedoul urf Banauli,1169,,,,,,
206,01077,219745,Jhaijhat,897,,,,,,
206,01077,219746,Hardia,1306,,,,,,
206,01077,219747,Mahima Rasulpur,563,,,,,,
206,01077,801297,Janakpur Road (NP),3239,,,,,,
206,01077,801297,Janakpur Road (NP) WARD NO.-0001,207,,,,,,
206,01077,801297,Janakpur Road (NP) WARD NO.-0002,298,,,,,,
206,01077,801297,Janakpur Road (NP) WARD NO.-0003,249,,,,,,
206,01077,801297,Janakpur Road (NP) WARD NO.-0004,356,,,,,,
206,01077,801297,Janakpur Road (NP) WARD NO.-0005,271,,,,,,
206,01077,801297,Janakpur Road (NP) WARD NO.-0006,317,,,,,,
206,01077,801297,Janakpur Road (NP) WARD NO.-0007,368,,,,,,
206,01077,801297,Janakpur Road (NP) WARD NO.-0008,311,,,,,,
206,01077,801297,Janakpur Road (NP) WARD NO.-0009,213,,,,,,
206,01077,801297,Janakpur Road (NP) WARD NO.-0010,219,,,,,,
206,01077,801297,Janakpur Road (NP) WARD NO.-0011,430,,,,,,
206,01078,219748,Adhgaon,541,,,,,,
206,01078,219749,Bedaul,418,,,,,,
206,01078,219750,Dadri,1590,,,,,,
206,01078,219751,Basopatti,274,,,,,,
206,01078,219752,Biror,1304,,,,,,
206,01078,219753,Bela Bahadurpur,523,,,,,,
206,01078,219755,Bhadian,1606,,,,,,
206,01078,219757,Lakhmipur,185,,,,,,
206,01078,219758,Bhaluahi,260,,,,,,
206,01078,219759,Janipur,1564,,,,,,
206,01078,219760,Bahera Zahid,2528,,,,,,
206,01078,219761,Mahamadpur Dalel urf Durpur,811,,,,,,
206,01078,219762,Hariharpur Narayan urf Mahua,464,,,,,,
206,01078,219763,Majhaur,2800,,,,,,
206,01078,219764,Nanpur,3442,,,,,,
206,01078,219765,Sirsi,1971,,,,,,
206,01078,219766,Barhmaul,659,,,,,,
206,01078,219767,Rasulganj urf Koili,2766,,,,,,
206,01078,219768,Sharifpur,1011,,,,,,
206,01078,219769,Gangauli,257,,,,,,
206,01078,219770,Gauri,1488,,,,,,
206,01078,219771,Bahurar,1230,,,,,,
206,01078,219772,Gaura,3401,,,,,,
206,01078,219773,Nawadih,313,,,,,,
206,01078,219775,Pandaul Buzurg,1256,,,,,,
206,01078,219776,Rudauli,354,,,,,,
206,01078,219777,Bath Asli,2472,,,,,,
206,01078,219778,Mohni Sakrauli,1441,,,,,,
206,01078,219779,Kauria Raepur,2886,,,,,,
206,01079,219780,Balasath,1010,,,,,,
206,01079,219781,Pokhraira,1182,,,,,,
206,01079,219782,Siari,485,,,,,,
206,01079,219784,Kurhar,975,,,,,,
206,01079,219785,Dharhi,1024,,,,,,
206,01079,219786,Dhankaul Khurd,250,,,,,,
206,01079,219787,Rohua,250,,,,,,
206,01079,219788,Kharka Basant,3513,,,,,,
206,01079,219792,Bokhra,3096,,,,,,
206,01079,219793,Bazidpur Gorhauli,1021,,,,,,
206,01079,219794,Banaul,3546,,,,,,
206,01079,219795,Bhawar,986,,,,,,
206,01079,219796,Jhitki,421,,,,,,
206,01079,219797,Patluka,816,,,,,,
206,01079,219798,Ukhra,562,,,,,,
206,01079,219799,Singha Chauri,1176,,,,,,
206,01079,219800,Burhmagra Jajuara Khurd,2298,,,,,,
206,01079,219802,Madsudanpur Dumri Mahisautha,2393,,,,,,
206,01079,219803,Bhataul,367,,,,,,
206,01079,219804,Moraon,133,,,,,,
206,01079,219805,Sauria Buzurg,849,,,,,,
206,01079,219807,Chakauti,2024,,,,,,